row_id,itemid,label,abbreviation,dbsource,linksto,category,unitname,param_type,conceptid
5610,40403,thoracentesis,,carevue,outputevents,,,,
5612,40405,Urine Out Other,,carevue,outputevents,,,,
5613,40406,Gastric Other,,carevue,outputevents,,,,
5628,40425,dialysis output,,carevue,outputevents,,,,
5629,40428,Urine Out Straight Cath,,carevue,outputevents,,,,
5646,40451,Paracentesis,,carevue,outputevents,,,,
5657,40469,pancreatic drain,,carevue,outputevents,Free Form Intake,,,
5658,40470,paracentesis,,carevue,outputevents,,,,
5659,40472,pleural tap,,carevue,outputevents,,,,
5670,40490,emesis,,carevue,outputevents,,,,
5681,40507,Dialysis out,,carevue,outputevents,,,,
5706,40534,urine flush,,carevue,outputevents,Free Form Intake,,,
5708,40536,pleural fluid,,carevue,outputevents,,,,
5709,40537,Cerebral Drain Subdural,,carevue,outputevents,,,,
5710,40538,Drain Out #2 Sump,,carevue,outputevents,,,,
5725,40553,t tube flush,,carevue,outputevents,Free Form Intake,,,
5726,40554,Drain Out #1 Sump,,carevue,outputevents,,,,
5749,40580,Cath Lab Output,,carevue,outputevents,Free Form Intake,,,
5770,40612,cath lab out,,carevue,outputevents,,,,
5771,40614,Drain Out #1 Jejunostomy Tube,,carevue,outputevents,,,,
6122,41527,HEMODIALYSIS,,carevue,outputevents,,,,
6962,41247,nephrostomy flush,,carevue,outputevents,Free Form Intake,,,
6964,41250,HEMODIALYSIS OUT,,carevue,outputevents,,,,
6967,41257,floor output,,carevue,outputevents,,,,
6988,41288,Pleural tap,,carevue,outputevents,,,,
7052,41359,Drain Out #1 Red Rubber,,carevue,outputevents,,,,
7065,41374,Dialysis Out,,carevue,outputevents,,,,
7072,41384,angio out,,carevue,outputevents,,,,
7095,41417,Hemodialysis Out,,carevue,outputevents,,,,
7102,41426,peg meds,,carevue,outputevents,Free Form Intake,,,
7111,41441,PARACENTESIS FLUID,,carevue,outputevents,,,,
6503,41857,urine out in er,,carevue,outputevents,,,,
6506,41860,subdural drain,,carevue,outputevents,,,,
6512,41866,Cerebral Drain Other,,carevue,outputevents,,,,
6513,41867,Drain Out #1 Lumbar,,carevue,outputevents,,,,
6514,41868,Drain Out #1 Rt Nephrostomy,,carevue,outputevents,,,,
6542,41897,CVVH OUTPUT FROM OR,,carevue,outputevents,,,,
6598,41988,SUBDURAL DRAIN,,carevue,outputevents,,,,
6605,41998,LEFT THORACENTESIS,,carevue,outputevents,,,,
6607,42001,ER URINE,,carevue,outputevents,,,,
6626,42032,EXCESS PD OUTPUT,,carevue,outputevents,,,,
6627,42033,flush LT ct #1&2 out,,carevue,outputevents,,,,
6646,40848,CATH LAB OUTPUT,,carevue,outputevents,,,,
6678,40881,Hemodialysis,,carevue,outputevents,,,,
6685,40891,Pleural fluid,,carevue,outputevents,,,,
6686,40893,Thoracentesis,,carevue,outputevents,,,,
6697,40910,PERITONEAL DIALYSIS,,carevue,outputevents,,,,
6708,40926,Drain Out #1 JP Medial,,carevue,outputevents,,,,
6711,40930,right hand drainage,,carevue,outputevents,,,,
6720,40942,THORACENTESIS,,carevue,outputevents,,,,
6730,40956,paracentesis site,,carevue,outputevents,,,,
6755,40990,PEG TUBE out,,carevue,outputevents,,,,
6756,40991,epi. of stool incont,,carevue,outputevents,,,,
6768,41003,chest tube,,carevue,outputevents,Free Form Intake,,,
6769,41004,Breast milk,,carevue,outputevents,,,,
6780,41015,Emesis,,carevue,outputevents,,,,
6781,41016,hemodialysis out,,carevue,outputevents,,,,
6794,41029,OR pleural fluid,,carevue,outputevents,,,,
6799,41034,dialysis in,,carevue,outputevents,Free Form Intake,,,
6800,41035,PO Contrast per NGT,,carevue,outputevents,Free Form Intake,,,
6801,41036,R thoracentesis,,carevue,outputevents,,,,
6811,41049,PD NET FLUID REMOVED,,carevue,outputevents,,,,
6814,41053,"ngt flush,h20",,carevue,outputevents,Free Form Intake,,,
6820,41062,rt/lt nepro tube flh,,carevue,outputevents,Free Form Intake,,,
6852,41112,Dialysys out,,carevue,outputevents,,,,
6876,41148,Kg removed,,carevue,outputevents,,,,
6883,41155,peg output,,carevue,outputevents,,,,
6899,41171,abd tap,,carevue,outputevents,,,,
6900,41172,L PLEURAL TAP,,carevue,outputevents,,,,
6905,41177,Nephrostomy drain,,carevue,outputevents,Free Form Intake,,,
6906,41178,abd drain,,carevue,outputevents,,,,
6912,41184,Drain Out #1 Lt Nephrostomy,,carevue,outputevents,,,,
6918,41190,Neuro Angio Output,,carevue,outputevents,,,,
6930,41202,Pleural Fld,,carevue,outputevents,,,,
6931,41203,LEFT LEG DRAINAGE,,carevue,outputevents,,,,
6938,41213,Drain Out #5 Jackson Pratt,,carevue,outputevents,,,,
7500,42287,drain irrigant,,carevue,outputevents,Free Form Intake,,,
7501,42289,dialysis off,,carevue,outputevents,,,,
7504,42293,R THIGH JP,,carevue,outputevents,,,,
7509,42300,CHOLECYSTOSTOMY TUBE,,carevue,outputevents,,,,
7518,42315,pericardial drain,,carevue,outputevents,,,,
7526,42327,L CT SITE BAG DRNG,,carevue,outputevents,,,,
7527,42328,R CT SITE BAG DRNG,,carevue,outputevents,,,,
7528,42331,Drain Out #4 Hemovac,,carevue,outputevents,,,,
7533,42338,paracenteis drainag.,,carevue,outputevents,,,,
7538,42347,ngt/bile returned,,carevue,outputevents,Free Form Intake,,,
7539,42348,ngt/bile aspirate,,carevue,outputevents,,,,
7545,42357,free h20 via ngt,,carevue,outputevents,Free Form Intake,,,
7548,42362,CATH LAB URINE OUTPT,,carevue,outputevents,,,,
7551,42367,Drain Out #3 Sump,,carevue,outputevents,,,,
7565,42388,DIALYSIS OUTPUT,,carevue,outputevents,,,,
7566,42390,PEG DRAINAGE.,,carevue,outputevents,,,,
7569,42397,pleural fld,,carevue,outputevents,,,,
7574,42403,er output,,carevue,outputevents,,,,
7576,42405,Drain Out #3 Wound Vac,,carevue,outputevents,,,,
7588,42417,NEURO-RAD OUT,,carevue,outputevents,,,,
7590,42419,(R) Fem drain bag,,carevue,outputevents,,,,
7596,42425,LT PLEURAL CT IRRIG,,carevue,outputevents,,,,
7602,42431,PEG,,carevue,outputevents,,,,
7603,42432,wound drains,,carevue,outputevents,,,,
7612,42441,farr 7 output,,carevue,outputevents,,,,
7613,42442,L GROIN DRNG,,carevue,outputevents,,,,
7629,42460,drain flush l,,carevue,outputevents,Free Form Intake,,,
7631,42463,cath lab urine,,carevue,outputevents,,,,
7632,42465,Drain Out #6 Other,,carevue,outputevents,,,,
7633,42467,Drain Out #8 Other,,carevue,outputevents,,,,
7637,42473,thoracentesis left,,carevue,outputevents,,,,
7638,42476,ostomy drainage,,carevue,outputevents,,,,
7644,42486,pericentesis,,carevue,outputevents,,,,
7652,42498,CHEST TUBE PLEURALS,,carevue,outputevents,,,,
7656,42505,L CT DRAINAGE SITE,,carevue,outputevents,,,,
7657,42507,TRUE URINE,,carevue,outputevents,,,,
7658,42510,Urine in cath lab,,carevue,outputevents,,,,
7662,42516,Chest tube pleural,,carevue,outputevents,,,,
7666,42523,LUMBAR DRAIN OUTPUT,,carevue,outputevents,,,,
7667,42524,HemoDialysis,,carevue,outputevents,,,,
7671,42530,farr 5 emesis,,carevue,outputevents,,,,
7674,42536,Dialysis output,,carevue,outputevents,,,,
7677,42540,R chest tube site,,carevue,outputevents,,,,
7683,42549,Farr 5 output,,carevue,outputevents,,,,
7687,42555,CAPD Output,,carevue,outputevents,,,,
7688,42556,CC6 URINE,,carevue,outputevents,,,,
7697,42569,VAC DRAINAGE,,carevue,outputevents,,,,
7702,42578,CONTRAST VIA NGT,,carevue,outputevents,Free Form Intake,,,
7710,42591,arm drain bags,,carevue,outputevents,,,,
7715,42597,left neck jp,,carevue,outputevents,,,,
7716,42598,right neck jp,,carevue,outputevents,,,,
7737,42619,peg tail flush,,carevue,outputevents,Free Form Intake,,,
7738,42620,paracentesis output,,carevue,outputevents,,,,
7742,42624,paracentesis out,,carevue,outputevents,,,,
7743,42625,parascentesis,,carevue,outputevents,,,,
7750,42632,O.R. OUT OTHER,,carevue,outputevents,,,,
7752,42634,Pigtail Drain FlushI,,carevue,outputevents,Free Form Intake,,,
7753,42635,OSTOMY FROM INCISION,,carevue,outputevents,,,,
7754,42636,L LEG JP,,carevue,outputevents,,,,
7760,42642,R LEG JP,,carevue,outputevents,,,,
7766,42649,EW output,,carevue,outputevents,,,,
7767,42650,PLEURAL EFFUSION,,carevue,outputevents,,,,
7768,42652,Drain Out #5 Sump,,carevue,outputevents,,,,
7780,42672,EW OUTPUT,,carevue,outputevents,,,,
7782,42676,ANGIO URINE OUTPUT,,carevue,outputevents,,,,
7786,42682,total JP output,,carevue,outputevents,,,,
7794,42695,J TUBE,,carevue,outputevents,,,,
7798,42701,Drain Out #4 Tap,,carevue,outputevents,,,,
7822,42738,Drain Out #4 Wound Vac,,carevue,outputevents,,,,
7846,42772,pleural fluid right,,carevue,outputevents,,,,
7852,42780,Drain Out #5 Wound Vac,,carevue,outputevents,,,,
7860,42788,Drain Out #4 T Tube,,carevue,outputevents,,,,
7861,42789,Drain Out #5 Tap,,carevue,outputevents,,,,
7866,42794,Pheresis - Out,,carevue,outputevents,,,,
7867,42795,L LEG THIGH DRAIN,,carevue,outputevents,,,,
7134,41475,pleural effusion,,carevue,outputevents,,,,
7141,41483,NS FLUSH OF DRAIN,,carevue,outputevents,Free Form Intake,,,
7144,41486,pleural tap out,,carevue,outputevents,,,,
7145,41487,paracentesis tap out,,carevue,outputevents,,,,
7155,43171,URINE CC/KG/HR,,carevue,outputevents,,,,
7156,43172,spit,,carevue,outputevents,,,,
7157,43173,urinecc/kg/hr,,carevue,outputevents,,,,
7158,43174,Stool .,,carevue,outputevents,,,,
7159,43175,Urine .,,carevue,outputevents,,,,
7160,43176,Blood Out Lab,,carevue,outputevents,,,,
5514,40287,Drain Out #4 Other,,carevue,outputevents,,,,
5515,40288,PACU Out PACU Urine,,carevue,outputevents,,,,
5516,40290,Drain Out #4 Pigtail,,carevue,outputevents,,,,
5517,40292,Drain Out #2 T Tube,,carevue,outputevents,,,,
5545,40331,Gastric Jejunostomy Tube,,carevue,outputevents,,,,
5573,40366,mucus fistula,,carevue,outputevents,,,,
5574,40367,Stool Out Rectal Tube,,carevue,outputevents,,,,
5593,40386,hemodialysis,,carevue,outputevents,,,,
5595,40388,Stool Out (non-specific),,carevue,outputevents,,,,
6138,41546,paracentesis fluid,,carevue,outputevents,,,,
6148,41562,cardiac output fluid,,carevue,outputevents,Free Form Intake,,,
6158,41576,GI drainage,,carevue,outputevents,,,,
6163,41584,Chest tube flush,,carevue,outputevents,Free Form Intake,,,
6168,41592,gall drain flush,,carevue,outputevents,Free Form Intake,,,
6169,41593,pleural cutaneous fi,,carevue,outputevents,,,,
6190,41623,dialysate out,,carevue,outputevents,,,,
6198,41635,Hemodialysis removal,,carevue,outputevents,,,,
6224,41667,celestomy drain,,carevue,outputevents,Free Form Intake,,,
6227,41670,stool,,carevue,outputevents,,,,
6235,41678,BAG-->ABD TAP SITES,,carevue,outputevents,,,,
6238,41681,chest tube BEFORE OR,,carevue,outputevents,,,,
6240,41683,Drain Out #2 JP Lateral,,carevue,outputevents,,,,
6255,41698,Drain Out #2 Hemovac,,carevue,outputevents,,,,
6262,41705,HD output,,carevue,outputevents,Free Form Intake,,,
6267,41713,dialyslate out,,carevue,outputevents,,,,
6270,41718,pericadial tap,,carevue,outputevents,,,,
6273,41722,vomitus,,carevue,outputevents,,,,
6275,41725,R paracentesis site,,carevue,outputevents,,,,
6276,41727,peritoneal tap out,,carevue,outputevents,,,,
6281,41735,Pleural fluid.,,carevue,outputevents,,,,
6290,41749,total out since mn,,carevue,outputevents,,,,
6291,41751,TOTAL OUT ON PAPER T,,carevue,outputevents,,,,
6292,41753,TOTAL OUT FROM PAPET,,carevue,outputevents,,,,
6295,41758,FLOOR OUTPUT,,carevue,outputevents,Free Form Intake,,,
6305,41772,thorocentesis,,carevue,outputevents,,,,
6319,41793,effluent out,,carevue,outputevents,,,,
6324,41800,biliary drain latrl,,carevue,outputevents,,,,
6325,41802,right thoracentesis,,carevue,outputevents,,,,
6333,41815,left drain,,carevue,outputevents,,,,
6334,41818,HD out,,carevue,outputevents,,,,
6346,41836,Nep Tube #1 flush,,carevue,outputevents,Free Form Intake,,,
6347,41837,Neph tube #2 flush,,carevue,outputevents,Free Form Intake,,,
6348,41839,Drain Out #2 Rt Nephrostomy,,carevue,outputevents,,,,
6351,41842,Dialysis Output.,,carevue,outputevents,,,,
6360,42042,ANGIO URINE OUT,,carevue,outputevents,,,,
6364,42046,L neph tube irrig,,carevue,outputevents,Free Form Intake,,,
6384,42066,L GROIN DRAINAGE,,carevue,outputevents,,,,
6385,42067,R HAND DRAINAGE,,carevue,outputevents,,,,
6386,42068,angio Urine output,,carevue,outputevents,,,,
6387,42069,ER OUTPUT,,carevue,outputevents,,,,
6398,42080,thoracentesis out,,carevue,outputevents,,,,
6408,42093,JP DRAIN/R LEG,,carevue,outputevents,,,,
6409,42095,METROWEST OUTPUT,,carevue,outputevents,,,,
6413,42101,chest tube site,,carevue,outputevents,,,,
6418,42111,ANGIO FOLEY URINE,,carevue,outputevents,,,,
6423,42119,urine output-angio,,carevue,outputevents,,,,
6429,42128,ANGIO OUT,,carevue,outputevents,,,,
6430,42129,ANGIOOUT,,carevue,outputevents,,,,
6454,42165,CARDIAC OUTPUT FLUSH,,carevue,outputevents,Free Form Intake,,,
6464,42181,r.pleural tap,,carevue,outputevents,,,,
6470,42190,JP POUCH SITE,,carevue,outputevents,,,,
6483,42209,IRRIGANT AND URINE,,carevue,outputevents,,,,
6493,41847,l pleural tap,,carevue,outputevents,,,,
6495,41849,Drain Flush,,carevue,outputevents,Free Form Intake,,,
5778,40624,dialysis,,carevue,outputevents,,,,
5795,40648,Drain Out #3 Other,,carevue,outputevents,,,,
5796,40650,Drain Out #8 Pigtail,,carevue,outputevents,,,,
5797,40652,Gastric Blakemore,,carevue,outputevents,,,,
5798,40653,Drain Out #2 Jejunostomy Tube,,carevue,outputevents,,,,
5808,40668,PEG TUBE,,carevue,outputevents,,,,
5828,40689,DRAIN FLUSH,,carevue,outputevents,Free Form Intake,,,
5829,40690,DIALYSIS,,carevue,outputevents,,,,
5842,40703,Drain Out #1 JP Lateral,,carevue,outputevents,,,,
5854,40715,Urine Out Suprapubic,,carevue,outputevents,,,,
5866,40727,gastric,,carevue,outputevents,,,,
5867,40728,jp drain,,carevue,outputevents,,,,
5882,40751,ileostomy,,carevue,outputevents,,,,
5890,40764,PARACENTESIS,,carevue,outputevents,,,,
5891,40765,Drain Out #3 Tap,,carevue,outputevents,,,,
5901,40779,JP drain,,carevue,outputevents,,,,
5986,40048,Chest Tubes Left Pleural 1,,carevue,outputevents,,,,
5987,40050,Chest Tubes Right Pleural 2,,carevue,outputevents,,,,
5988,40052,Gastric Nasogastric,,carevue,outputevents,,,,
5989,40054,Stool Out Stool,,carevue,outputevents,,,,
5990,40056,Urine Out Lt Nephrostomy,,carevue,outputevents,,,,
5991,40058,Cerebral Drain R Ventricular Drain,,carevue,outputevents,,,,
5992,40059,Gastric Oral Gastric,,carevue,outputevents,,,,
5993,40061,OR Out OR Urine,,carevue,outputevents,,,,
5995,40064,OR Out EBL,,carevue,outputevents,,,,
5996,40066,Drain Out #1 Tap,,carevue,outputevents,,,,
5997,40068,Stool Out Other,,carevue,outputevents,,,,
5998,40070,Drain Out #1 Hemovac,,carevue,outputevents,,,,
5999,40072,Drain Out #2 Jackson Pratt,,carevue,outputevents,,,,
6000,40074,PACU Out PACU NG,,carevue,outputevents,,,,
6001,40076,Chest Tubes CTICU CT 1,,carevue,outputevents,,,,
6002,40078,Drain Out #1 Anderson,,carevue,outputevents,,,,
6003,40079,Drain Out #2 Anderson,,carevue,outputevents,,,,
6005,40083,Drain Out #5 Other,,carevue,outputevents,,,,
6006,40085,Urine Out Incontinent,,carevue,outputevents,,,,
6007,40087,Stool Out Colostomy,,carevue,outputevents,,,,
6008,40089,Drain Out #1 Wound Vac,,carevue,outputevents,,,,
6009,40090,Chest Tubes Left Pleural 2,,carevue,outputevents,,,,
6010,40092,Drain Out #4 Jackson Pratt,,carevue,outputevents,,,,
6011,40094,Urine Out Condom Cath,,carevue,outputevents,,,,
6012,40096,Urine Out Ureteral Stent #1,,carevue,outputevents,,,,
6013,40098,Drain Out #1 Penrose,,carevue,outputevents,,,,
6014,40099,Drain Out #2 Penrose,,carevue,outputevents,,,,
6015,40101,Drain Out #4 Penrose,,carevue,outputevents,,,,
6089,41494,ogt drainage,,carevue,outputevents,,,,
6095,41500,hemodialysis output,,carevue,outputevents,,,,
6104,41509,PLEURAL FLUID,,carevue,outputevents,,,,
6105,41510,TOTAL OUT FOLEY BAG,,carevue,outputevents,,,,
6106,41511,OGT out,,carevue,outputevents,,,,
6114,41519,RIGHT GROIN POUCH,,carevue,outputevents,,,,
8945,43892,ngt residual,,carevue,outputevents,,,,
8948,43897,urine in er.,,carevue,outputevents,,,,
8966,43925,Paracentesis site.,,carevue,outputevents,,,,
8967,43927,Pleural Fluid,,carevue,outputevents,Free Form Intake,,,
8970,43931,Floor urine out,,carevue,outputevents,,,,
8971,43932,MUCOUS FISTULA(LOWER,,carevue,outputevents,,,,
8972,43933,pleural,,carevue,outputevents,,,,
8980,43941,dialysis/intake,,carevue,outputevents,Free Form Intake,,,
8982,43943,VICU OUTPUT,,carevue,outputevents,,,,
8999,43960,BM 26 with neocate,,carevue,outputevents,Free Form Intake,,,
9004,43965,REPOGAL OUTPUT,,carevue,outputevents,,,,
9005,43966,real urine output,,carevue,outputevents,,,,
9009,43970,VOMITUS,,carevue,outputevents,,,,
9023,43984,Chest tube irrigate,,carevue,outputevents,Free Form Intake,,,
9025,43988,Drain Out #4 Jejunostomy Tube,,carevue,outputevents,,,,
9035,44003,floor out,,carevue,outputevents,,,,
9036,44004,JP DRAIN,,carevue,outputevents,,,,
9043,44015,Neuro Angio Outake,,carevue,outputevents,,,,
9050,44026,PEG GRAVITY DRAIN,,carevue,outputevents,,,,
9052,44030,ED OUTPUT,,carevue,outputevents,,,,
9066,44055,PD OUT,,carevue,outputevents,,,,
9071,44063,Drain Out #4 Davol,,carevue,outputevents,,,,
9073,44066,jp left breast,,carevue,outputevents,,,,
9077,44074,pertoneal tap,,carevue,outputevents,,,,
9081,44080,EW Urine,,carevue,outputevents,,,,
9083,44083,Biliary tube flush,,carevue,outputevents,Free Form Intake,,,
9095,44103,ER urine out,,carevue,outputevents,,,,
9118,44132,Procedure urine out,,carevue,outputevents,,,,
9119,44133,mucous fistula,,carevue,outputevents,,,,
9120,44134,Chole tube,,carevue,outputevents,,,,
9122,44136,L. Pleural Tap,,carevue,outputevents,,,,
9126,44140,Thoracentesis tap,,carevue,outputevents,,,,
9128,44142,vac out,,carevue,outputevents,,,,
9140,44154,BM24NEOSURE,,carevue,outputevents,Free Form Intake,,,
9143,44157,OR EMESIS,,carevue,outputevents,,,,
9156,44170,PERITONEAL TAP,,carevue,outputevents,,,,
9160,44174,t tube,,carevue,outputevents,,,,
9168,44187,Blood emesis,,carevue,outputevents,Free Form Intake,,,
9175,44199,HEMODIALYSIS O/P,,carevue,outputevents,,,,
9181,44208,r pleural tap,,carevue,outputevents,,,,
9199,44237,E.R. urine out,,carevue,outputevents,,,,
9202,44241,D5W VIA J-TUBE,,carevue,outputevents,Free Form Intake,,,
9213,44259,Paracentesis output,,carevue,outputevents,,,,
9215,44261,Floor output,,carevue,outputevents,,,,
9218,44266,Stool out,,carevue,outputevents,Free Form Intake,,,
9235,44291,FISTULA,,carevue,outputevents,,,,
9238,44295,HD REMOVED,,carevue,outputevents,,,,
9245,44304,Gtube flush,,carevue,outputevents,Free Form Intake,,,
9254,44313,f10 urine,,carevue,outputevents,,,,
9276,46070,ascites fluid draind,,carevue,outputevents,,,,
9277,46071,ostomy,,carevue,outputevents,,,,
9278,46072,VAC output,,carevue,outputevents,,,,
8533,45055,BM22 NG,,carevue,outputevents,Free Form Intake,,,
8543,45071,r arm serous drain,,carevue,outputevents,,,,
8546,45076,ABD FISTULA,,carevue,outputevents,,,,
8550,45081,Enfamil 24 G-tube,,carevue,outputevents,Free Form Intake,,,
8551,45082,vag drng,,carevue,outputevents,,,,
8552,45083,tubefeed residual,,carevue,outputevents,,,,
8554,45085,PEG Tube,,carevue,outputevents,,,,
8575,44714,OSH output,,carevue,outputevents,,,,
8576,44715,right arm pouch,,carevue,outputevents,,,,
8580,44719,cerebral drain right,,carevue,outputevents,,,,
8581,44720,Drain Out #6 T Tube,,carevue,outputevents,,,,
8585,44724,liver JP x2 combined,,carevue,outputevents,,,,
8588,44727,replogle output,,carevue,outputevents,,,,
8590,44729,JP / Brain,,carevue,outputevents,,,,
8591,44730,JP #1 R,,carevue,outputevents,,,,
8592,44731,JP #2 L,,carevue,outputevents,,,,
8593,44732,JP Site,,carevue,outputevents,,,,
7161,43177,Chest Tubes Chest Tube,,carevue,outputevents,,,,
7162,43178,Repogle Tube OGT,,carevue,outputevents,,,,
7212,43239,Portagen NGT,,carevue,outputevents,Free Form Intake,,,
7215,43244,NG out,,carevue,outputevents,,,,
7271,43336,Penrose drain,,carevue,outputevents,,,,
7279,43348,urine output/kg,,carevue,outputevents,,,,
7284,43355,urine/k/hr,,carevue,outputevents,,,,
7294,43365,urine output/kg/hr,,carevue,outputevents,,,,
7301,43372,24hr urine output,,carevue,outputevents,,,,
7302,43373,urine cc/kg/hr,,carevue,outputevents,,,,
7303,43374,URINE CC?KG?HR,,carevue,outputevents,,,,
7308,43379,URINECC/KG/HR,,carevue,outputevents,,,,
7309,43380,urine outpt cc/kg/hr,,carevue,outputevents,,,,
7315,43386,BMFSPO+2HMF,,carevue,outputevents,Free Form Intake,,,
7325,43396,Spit,,carevue,outputevents,,,,
7337,43409,Ostomies Colostomy,,carevue,outputevents,,,,
7348,43427,VP shunt drainage,,carevue,outputevents,,,,
7350,43431,Urine cc/k/hr,,carevue,outputevents,,,,
7357,43442,g tube drainage,,carevue,outputevents,,,,
7366,43458,GT drainage,,carevue,outputevents,,,,
7369,43462,urine,,carevue,outputevents,,,,
7370,43463,BMFSNG+ 4 HMF,,carevue,outputevents,Free Form Intake,,,
7373,43468,BMFSPO+ Promod+ HMF,,carevue,outputevents,Free Form Intake,,,
7379,43477,G Tube Drainage,,carevue,outputevents,,,,
7387,43489,gastric Ph,,carevue,outputevents,Free Form Intake,,,
7388,43491,SPIT,,carevue,outputevents,,,,
7408,43522,Urine cc/kg/hr,,carevue,outputevents,,,,
7418,43538,blood removed...,,carevue,outputevents,,,,
7428,43554,SPITS,,carevue,outputevents,Free Form Intake,,,
7431,43558,BMFSNG + 4HMF + MCT,,carevue,outputevents,Free Form Intake,,,
7432,43559,"penrose drain, abd.",,carevue,outputevents,,,,
7440,43567,GASTRIC ASPIRATION,,carevue,outputevents,,,,
7444,42222,NGT,,carevue,outputevents,Free Form Intake,,,
7447,42225,baker tube/contrast,,carevue,outputevents,Free Form Intake,,,
7470,42248,HD FLUID REMOVED,,carevue,outputevents,,,,
7475,42253,or pleural tap,,carevue,outputevents,,,,
7476,42254,hd out,,carevue,outputevents,,,,
7477,42255,L Chest Tube #1,,carevue,outputevents,,,,
7478,42256,L Chest Tube #2,,carevue,outputevents,,,,
7479,42257,L Chest Tube #3,,carevue,outputevents,,,,
7480,42258,L Chest Tube #4,,carevue,outputevents,,,,
7489,42270,Drain Out #3 Jejunostomy Tube,,carevue,outputevents,,,,
7493,42276,angio output,,carevue,outputevents,,,,
7495,42279,Drain Out #5 Pigtail,,carevue,outputevents,,,,
8346,44592,ed output,,carevue,outputevents,,,,
8348,44597,JP R AX,,carevue,outputevents,,,,
8356,44612,Left Antecub Pouch,,carevue,outputevents,,,,
8362,44622,JP 1&2,,carevue,outputevents,,,,
8363,44623,PD drainage,,carevue,outputevents,,,,
8371,44636,JP #1 & #2 to CLWS,,carevue,outputevents,,,,
8372,44637,LUMBAR DRAIN,,carevue,outputevents,,,,
8375,44643,ER Output,,carevue,outputevents,,,,
8379,44649,jejunostomy,,carevue,outputevents,,,,
8387,44662,THARACENTESIS,,carevue,outputevents,,,,
8391,44670,F10 JP OUTPUT,,carevue,outputevents,,,,
8392,44671,OR NGT,,carevue,outputevents,,,,
8395,44676,Drain Out #2 Lt Nephrostomy,,carevue,outputevents,,,,
8407,44694,Drain Out #6 Jejunostomy Tube,,carevue,outputevents,,,,
8413,44700,RT THORACENTESIS,,carevue,outputevents,,,,
8418,44705,open chest drainage,,carevue,outputevents,,,,
8419,44706,urine output,,carevue,outputevents,,,,
8422,44901,Dialysis Removed,,carevue,outputevents,,,,
8427,44906,gastric output,,carevue,outputevents,,,,
8430,44909,GASTRIC RESIDUAL,,carevue,outputevents,,,,
8432,44911,urine output farr-10,,carevue,outputevents,,,,
8434,44913,rt para tap site,,carevue,outputevents,,,,
8435,44914,OR output,,carevue,outputevents,Free Form Intake,,,
8441,44920,Cardiac output,,carevue,outputevents,Free Form Intake,,,
8442,44921,left arm pouch,,carevue,outputevents,,,,
8446,44925,true urine,,carevue,outputevents,,,,
8451,44930,vomit,,carevue,outputevents,Free Form Intake,,,
8452,44931,Abdominal Tap,,carevue,outputevents,,,,
8454,44933,biliary drain,,carevue,outputevents,,,,
8461,44943,fluid removed dialys,,carevue,outputevents,,,,
8470,44956,RIGHT JP,,carevue,outputevents,,,,
8471,44958,1/2strength respalor,,carevue,outputevents,Free Form Intake,,,
8478,44970,Cardiac Output,,carevue,outputevents,Free Form Intake,,,
8481,44973,percutanous drain,,carevue,outputevents,,,,
8482,44974,OUTPUT from cc6,,carevue,outputevents,,,,
8488,44984,peritoneal tap,,carevue,outputevents,,,,
8491,44988,PACU output,,carevue,outputevents,,,,
8493,44992,g-tube dr/return,,carevue,outputevents,Free Form Intake,,,
8495,44995,j tube,,carevue,outputevents,,,,
8498,45000,pleuritic fluid,,carevue,outputevents,,,,
8500,45005,thorencentesis,,carevue,outputevents,,,,
7881,42809,Drain bag old CTsite,,carevue,outputevents,,,,
7882,42810,angio urine out,,carevue,outputevents,,,,
7888,42816,R chest drain bag,,carevue,outputevents,,,,
7889,42817,med drainage bag,,carevue,outputevents,,,,
7891,42819,R pleural CT # 2,,carevue,outputevents,,,,
7894,42822,DYALISIS OUT,,carevue,outputevents,,,,
7895,42823,Drain Out #7 Jackson Pratt,,carevue,outputevents,,,,
7896,42824,Drain Out #8 Jackson Pratt,,carevue,outputevents,,,,
7905,42834,right pleural 3,,carevue,outputevents,,,,
7907,42837,NGT RESIDUAL,,carevue,outputevents,,,,
7914,42851,RIGHT SUBDURAL DRAIN,,carevue,outputevents,,,,
7919,42859,ANGIO URINE,,carevue,outputevents,,,,
7925,42867,contrast via ngt,,carevue,outputevents,Free Form Intake,,,
7926,42869,JP LEFT LEG #2,,carevue,outputevents,,,,
7927,42871,Drain Out #2 JP Medial,,carevue,outputevents,,,,
7928,42873,JP LEFT,,carevue,outputevents,,,,
7930,42877,LEFT PLEURAL EFFUSIN,,carevue,outputevents,,,,
7932,42880,IR OUTPUT,,carevue,outputevents,,,,
7933,42881,Drain Out #2 Pericardial,,carevue,outputevents,,,,
7939,42891,net hourly output,,carevue,outputevents,,,,
7946,42904,ABD TAP,,carevue,outputevents,,,,
7963,42928,HEMODIALYSIS.,,carevue,outputevents,,,,
7975,42945,Drain Out #3 JP Lateral,,carevue,outputevents,,,,
7978,42951,t-tube right,,carevue,outputevents,,,,
7981,42957,Angio OUT,,carevue,outputevents,,,,
7989,42968,J Tube Flush,,carevue,outputevents,Free Form Intake,,,
7993,42972,HEMODIALYSIS OFF,,carevue,outputevents,,,,
8003,42982,vac drain,,carevue,outputevents,,,,
8004,42983,Drain Out #3 Lumbar,,carevue,outputevents,,,,
8007,42986,LEFT PLEURAL TAP,,carevue,outputevents,,,,
8008,42987,T-TUBE,,carevue,outputevents,,,,
8022,43001,F6 JP OUTPUT,,carevue,outputevents,,,,
8036,43015,T-tube,,carevue,outputevents,,,,
8037,43016,DIALYSIS TOTAL OUT,,carevue,outputevents,,,,
8040,43019,hd out:,,carevue,outputevents,,,,
8046,43027,RIGHT PLEURAL TAP,,carevue,outputevents,,,,
8051,43034,R PLEURAL NS IRRIG,,carevue,outputevents,Free Form Intake,,,
8056,43042,(R)Nephrostomy flush,,carevue,outputevents,Free Form Intake,,,
8060,43048,IRRIGAGANT OUT,,carevue,outputevents,,,,
8063,43052,DIALYSIS REMOVED,,carevue,outputevents,,,,
8066,43058,G TUBE,,carevue,outputevents,,,,
8076,43074,er ngt output,,carevue,outputevents,,,,
8089,43093,URINE ED,,carevue,outputevents,,,,
8093,43098,hemodialysis crystal,,carevue,outputevents,Free Form Intake,,,
8101,43110,Nasogastric,,carevue,outputevents,,,,
8104,43114,Left pleural CT #2,,carevue,outputevents,,,,
8107,43119,peg tube,,carevue,outputevents,,,,
8113,43127,PD output,,carevue,outputevents,,,,
8117,43133,NS irrig drng tube,,carevue,outputevents,Free Form Intake,,,
8123,43142,abd. cyst drain,,carevue,outputevents,,,,
8141,43161,Total Blood Out,,carevue,outputevents,,,,
8147,44325,ED URINE OUTPUT,,carevue,outputevents,,,,
8158,44336,drain out lateral,,carevue,outputevents,,,,
8159,44337,drain out medial,,carevue,outputevents,,,,
8169,44347,JP SITE,,carevue,outputevents,,,,
8171,44349,ultrafiltrate in,,carevue,outputevents,Free Form Intake,,,
8172,44350,Thoracentesis output,,carevue,outputevents,,,,
8175,44353,Drain flush,,carevue,outputevents,Free Form Intake,,,
8187,44368,PERITONEAL DRAIN,,carevue,outputevents,,,,
8207,44400,Drain Out #7 Tap,,carevue,outputevents,,,,
8210,44405,ascitic drainage,,carevue,outputevents,,,,
8214,44410,ngt irrigant,,carevue,outputevents,Free Form Intake,,,
8217,44417,GT DRAINAGE,,carevue,outputevents,,,,
8240,44453,dyalysis out put,,carevue,outputevents,,,,
8241,44454,L side/pleural fluid,,carevue,outputevents,,,,
8250,44468,FLOOR OUT,,carevue,outputevents,,,,
8254,44475,NGT residual,,carevue,outputevents,,,,
8258,44481,ER URINR OUTPUT,,carevue,outputevents,,,,
8275,44501,ER output,,carevue,outputevents,,,,
8280,44506,farr7-output/urine,,carevue,outputevents,,,,
8294,44520,farr 10 out,,carevue,outputevents,,,,
8296,44522,LEFT ARM POUCH,,carevue,outputevents,,,,
8304,44530,LEFT ABD JP,,carevue,outputevents,,,,
8305,44531,RIGHT ABD JP,,carevue,outputevents,,,,
8306,44532,RIGHT BREAST JP,,carevue,outputevents,,,,
8309,44535,ostomy blding,,carevue,outputevents,,,,
8320,44548,left leg drainage,,carevue,outputevents,,,,
8327,44562,J-tube NS 10cc/h.,,carevue,outputevents,Free Form Intake,,,
8328,44563,floor ttube out,,carevue,outputevents,,,,
8329,44565,Pleural Tap,,carevue,outputevents,,,,
8330,44566,vanco per ostomy,,carevue,outputevents,Free Form Intake,,,
8331,44567,Hemodialysis.,,carevue,outputevents,,,,
8332,44569,toracocentesis,,carevue,outputevents,,,,
8909,43836,old jp site,,carevue,outputevents,,,,
8912,43841,LEFT PLEURAL FLUID,,carevue,outputevents,,,,
8916,43846,Old JP infer Y inc,,carevue,outputevents,,,,
8920,43853,LP/ CSF REMOVED,,carevue,outputevents,,,,
8922,43856,urine cc/k/ghr,,carevue,outputevents,,,,
8923,43857,chest tube dsg,,carevue,outputevents,,,,
8924,43859,vent. drain,,carevue,outputevents,,,,
8926,43862,PD Out,,carevue,outputevents,,,,
8930,43868,tap pleural,,carevue,outputevents,,,,
8938,43881,vaginal drng,,carevue,outputevents,,,,
9460,46315,LT paracentesis,,carevue,outputevents,,,,
9472,46334,OR Out,,carevue,outputevents,,,,
9479,46345,BM + 2HMF,,carevue,outputevents,Free Form Intake,,,
9481,46348,BM 4HMF,,carevue,outputevents,Free Form Intake,,,
9483,46350,Siloh Drainage,,carevue,outputevents,,,,
9495,46370,Cerebral Drain #1,,carevue,outputevents,,,,
9496,46372,JP #1 Lateral,,carevue,outputevents,,,,
9510,46394,Peritoneal dialysis,,carevue,outputevents,,,,
9512,46398,R Thoracentesis,,carevue,outputevents,,,,
9513,46399,Drain Out #3 JP Medial,,carevue,outputevents,,,,
9522,46415,wound pouch,,carevue,outputevents,,,,
9523,46416,BM+4cal prosobee,,carevue,outputevents,Free Form Intake,,,
9562,45110,Hemoptysis,,carevue,outputevents,,,,
9569,45117,LUE drainbag,,carevue,outputevents,,,,
9570,45118,RUE drainbag,,carevue,outputevents,,,,
9572,45120,Paracentesis Output,,carevue,outputevents,,,,
9573,45121,Penrose drains,,carevue,outputevents,,,,
9591,45141,today at falmout,,carevue,outputevents,Free Form Intake,,,
9594,45147,output from vicu,,carevue,outputevents,,,,
9613,45175,NS pigtail drain,,carevue,outputevents,Free Form Intake,,,
9623,45190,Drain Out #2 Red Rubber,,carevue,outputevents,,,,
9658,45248,paracentesis asicits,,carevue,outputevents,,,,
9662,45254,G/J POUCH APPLIANCE,,carevue,outputevents,,,,
9686,45283,Mucous fistula,,carevue,outputevents,,,,
9699,45296,g tube flush,,carevue,outputevents,Free Form Intake,,,
9707,45304,Urine output cc/k/hr,,carevue,outputevents,,,,
9728,45328,vac abd drain,,carevue,outputevents,,,,
9735,45340,JP #1&#2 CLWS,,carevue,outputevents,,,,
9746,45356,jp's 1&2,,carevue,outputevents,,,,
9747,45357,JP 5 and JP 6 sxn,,carevue,outputevents,,,,
10314,46519,left pl tap,,carevue,outputevents,,,,
10315,46520,J-tube flush,,carevue,outputevents,Free Form Intake,,,
10317,46523,OR paracentesis,,carevue,outputevents,,,,
10323,46532,Floor urine,,carevue,outputevents,,,,
10330,46544,left arm drainage,,carevue,outputevents,,,,
10335,46551,Wrist/groin drain,,carevue,outputevents,,,,
10349,46575,GB drain,,carevue,outputevents,,,,
10351,46578,URINE OUTPUT-ER,,carevue,outputevents,,,,
10368,46604,Angio Output,,carevue,outputevents,,,,
10373,46613,abd JP output,,carevue,outputevents,,,,
10377,46619,JP#1superficial,,carevue,outputevents,,,,
10382,46626,drain #2 other,,carevue,outputevents,,,,
10384,46628,Drain Out #2 Davol,,carevue,outputevents,,,,
10393,46637,duodenostomy tube,,carevue,outputevents,,,,
10394,46638,EP lab output,,carevue,outputevents,,,,
10396,46640,GASTROGRAFIN/J TUBE,,carevue,outputevents,Free Form Intake,,,
10401,46645,ascities out,,carevue,outputevents,,,,
10405,46649,L. Pleural tap,,carevue,outputevents,,,,
10408,46652,GB drain flush,,carevue,outputevents,Free Form Intake,,,
10411,46655,leg drain,,carevue,outputevents,,,,
10412,46656,Left Femoral Drain,,carevue,outputevents,,,,
10413,46657,Right femoral Drain,,carevue,outputevents,,,,
10414,46658,ED Urine output,,carevue,outputevents,,,,
10419,46663,Drain pouch #1,,carevue,outputevents,,,,
10420,46664,Drain Pouch #2,,carevue,outputevents,,,,
10422,46666,JP REPLETION-LR,,carevue,outputevents,Free Form Intake,,,
10428,46672,JP repl w/Na Bicarb,,carevue,outputevents,Free Form Intake,,,
10429,46673,Mucos fistula,,carevue,outputevents,,,,
10431,46675,hd removed,,carevue,outputevents,,,,
10434,46678,j tube flush,,carevue,outputevents,Free Form Intake,,,
10451,46695,OR Out OGT,,carevue,outputevents,,,,
10452,46696,OR Paracentesis,,carevue,outputevents,,,,
10457,46701,Left Chest drng bag,,carevue,outputevents,,,,
10465,46709,floor ostomy out,,carevue,outputevents,,,,
10466,46711,Right arm drains.,,carevue,outputevents,,,,
10467,46713,KCL-10 MEQ-DIALYSIS,,carevue,outputevents,Free Form Intake,,,
10469,46716,Incision to Drainage,,carevue,outputevents,,,,
10472,46721,Drain Out #5 Hemovac,,carevue,outputevents,,,,
10479,46733,JP #3,,carevue,outputevents,,,,
10480,46735,OR out ascites,,carevue,outputevents,,,,
10482,46738,LATERAL DRAIN SITE,,carevue,outputevents,,,,
10484,46741,dialysis removed,,carevue,outputevents,,,,
10485,46742,thorocentesis fluid,,carevue,outputevents,,,,
10487,46745,Parencentesis Out,,carevue,outputevents,,,,
10489,46748,Cath Lab Urine Out,,carevue,outputevents,,,,
10491,46751,Pleurx output,,carevue,outputevents,,,,
10493,46755,LLE Drainage bag,,carevue,outputevents,,,,
10496,46759,thoracentesis fluid,,carevue,outputevents,,,,
10497,46761,Left arm drainage,,carevue,outputevents,,,,
10499,46763,NGT OUT S/P LAvage,,carevue,outputevents,,,,
10501,46766,ileum drain,,carevue,outputevents,,,,
10507,46775,Left pleural tap,,carevue,outputevents,,,,
10510,46779,ir output,,carevue,outputevents,,,,
10533,40637,ngt meds,,carevue,outputevents,Free Form Intake,,,
10536,40647,THOROCENTESIS FLUID,,carevue,outputevents,,,,
10537,40649,Drain Out #7 Pigtail,,carevue,outputevents,,,,
10538,40651,Urine Out Ureteral Stent #2,,carevue,outputevents,,,,
10545,40729,Drain Out #2 Lumbar,,carevue,outputevents,,,,
10551,40745,Dialysis,,carevue,outputevents,,,,
10565,40789,PD dialysate out,,carevue,outputevents,,,,
10570,40804,pleuracentesis,,carevue,outputevents,,,,
10577,40049,Chest Tubes Right Pleural 1,,carevue,outputevents,,,,
10578,40051,Gastric Gastric Tube,,carevue,outputevents,,,,
10579,40053,Stool Out Fecal Bag,,carevue,outputevents,,,,
10580,40055,Urine Out Foley,,carevue,outputevents,,,,
10581,40057,Urine Out Rt Nephrostomy,,carevue,outputevents,,,,
10582,40060,Pre-Admission Output Pre-Admission Output,,carevue,outputevents,,,,
10583,40063,Stool Out Ileostomy,,carevue,outputevents,,,,
10584,40065,OR Out PACU Urine,,carevue,outputevents,,,,
10585,40067,Gastric Emesis,,carevue,outputevents,,,,
10586,40069,Urine Out Void,,carevue,outputevents,,,,
10587,40071,Drain Out #1 Jackson Pratt,,carevue,outputevents,,,,
10588,40073,PACU Out PACU Drains,,carevue,outputevents,,,,
10589,40075,Drain Out #1 Pigtail,,carevue,outputevents,,,,
10590,40077,Drain Out #1 Pericardial,,carevue,outputevents,,,,
10591,40080,Drain Out #2 Other,,carevue,outputevents,,,,
10593,40084,Chest Tubes Other,,carevue,outputevents,,,,
10594,40086,Drain Out #2 Pigtail,,carevue,outputevents,,,,
10595,40088,Drain Out #3 Jackson Pratt,,carevue,outputevents,,,,
10596,40091,Chest Tubes Mediastinal,,carevue,outputevents,,,,
10597,40093,Drain Out #1 T Tube,,carevue,outputevents,,,,
10598,40095,Drain Out #2 Wound Vac,,carevue,outputevents,,,,
10599,40097,Cerebral Drain L Ventricular Drain,,carevue,outputevents,,,,
10600,40100,Drain Out #3 Penrose,,carevue,outputevents,,,,
10633,41539,LLQ Paracentesis sit,,carevue,outputevents,,,,
10664,41634,HD Output,,carevue,outputevents,,,,
10671,41707,Chest Tubes CTICU CT 2,,carevue,outputevents,,,,
10675,41717,CO output,,carevue,outputevents,Free Form Intake,,,
9938,45624,OR OUT (abdominal),,carevue,outputevents,,,,
9939,45626,L Thoracentesis,,carevue,outputevents,,,,
9953,45645,Thorocentesis,,carevue,outputevents,,,,
9959,45651,left thoracentesis,,carevue,outputevents,,,,
9961,45653,Left Arm Drainage.,,carevue,outputevents,,,,
9962,45654,abd wd drainage,,carevue,outputevents,,,,
9963,45655,right arm drainage,,carevue,outputevents,,,,
8607,44750,bilat JP to CLWS,,carevue,outputevents,,,,
8608,44752,inc urine,,carevue,outputevents,,,,
8609,44754,JP#1&2 to CLWS,,carevue,outputevents,,,,
8618,44767,JP 1,,carevue,outputevents,,,,
8638,44801,thorcentesis,,carevue,outputevents,,,,
8651,44821,Jtube flush,,carevue,outputevents,Free Form Intake,,,
8653,44824,EW urine output,,carevue,outputevents,,,,
8658,44831,BM g-tube,,carevue,outputevents,Free Form Intake,,,
8661,44837,ED URINE,,carevue,outputevents,,,,
8663,44840,impact 2/3 strength,,carevue,outputevents,Free Form Intake,,,
8664,44843,peritoneal dialysis,,carevue,outputevents,Free Form Intake,,,
8666,44846,nephrost tube flush,,carevue,outputevents,Free Form Intake,,,
8667,44847,Arm Pouches,,carevue,outputevents,,,,
8687,44879,Pheresis Output,,carevue,outputevents,,,,
8691,44884,or ngt,,carevue,outputevents,,,,
8697,44890,ultrafiltrate,,carevue,outputevents,Free Form Intake,,,
8702,44895,L CT drainage site,,carevue,outputevents,,,,
8705,44898,VAC drain,,carevue,outputevents,,,,
8713,43576,24hr Urine cc/kg/hr,,carevue,outputevents,,,,
8719,43582,Total blood out,,carevue,outputevents,,,,
8726,43589,urine cc/k/hr,,carevue,outputevents,,,,
8731,43594,BMFSPO + HMF + MCT,,carevue,outputevents,Free Form Intake,,,
8737,43600,G-tube,,carevue,outputevents,,,,
8742,43605,Abdominal drainage,,carevue,outputevents,,,,
8743,43606,blood out,,carevue,outputevents,,,,
8747,43612,BMFSNG + 2 HMF,,carevue,outputevents,Free Form Intake,,,
8761,43633,"Urine,cc/kg/day",,carevue,outputevents,,,,
8762,43634,abdominal drain,,carevue,outputevents,,,,
8773,43653,ostomy cc/kg/hr,,carevue,outputevents,,,,
8792,43684,NG TUBE,,carevue,outputevents,,,,
8793,43685,Cath Lab Out,,carevue,outputevents,,,,
8794,43687,crystalloid/dialysis,,carevue,outputevents,Free Form Intake,,,
8799,43695,Drain Out #5 JP Lateral,,carevue,outputevents,,,,
8804,43703,ULTRAFILTRATE,,carevue,outputevents,,,,
8808,43710,er out,,carevue,outputevents,,,,
8815,43721,tube fgs on floor,,carevue,outputevents,Free Form Intake,,,
8816,43722,Pericardial drain,,carevue,outputevents,,,,
8824,43734,OR PSUEDOCYST DRAIN,,carevue,outputevents,,,,
8826,43737,IMPACT WITHOUT FIBER,,carevue,outputevents,Free Form Intake,,,
8841,43753,g-tube,,carevue,outputevents,,,,
8842,43754,j-tube,,carevue,outputevents,,,,
8850,43762,Blood out,,carevue,outputevents,,,,
8886,43800,FARR 10 OUTPUT TOTAL,,carevue,outputevents,,,,
8889,43804,outside hsp,,carevue,outputevents,Free Form Intake,,,
8893,43811,urine out: cc/k/hr,,carevue,outputevents,,,,
8894,43812,urine out:cc/k/hr,,carevue,outputevents,,,,
8905,43830,Gastric aspirate,,carevue,outputevents,,,,
9781,45408,Free H20 cont G-tube,,carevue,outputevents,Free Form Intake,,,
9783,45412,peg,,carevue,outputevents,,,,
9785,45417,Chest Tube R #3,,carevue,outputevents,,,,
9786,45419,g-tube feeding,,carevue,outputevents,,,,
9787,45422,L pleural tap,,carevue,outputevents,,,,
9795,45435,R pleural tap,,carevue,outputevents,,,,
9812,45460,SSC28 NGT,,carevue,outputevents,Free Form Intake,,,
9813,45461,SSC 26 NGT,,carevue,outputevents,Free Form Intake,,,
9831,45479,Dialysis In,,carevue,outputevents,Free Form Intake,,,
9836,45484,nutran tube feed,,carevue,outputevents,Free Form Intake,,,
9846,45494,plueral tap,,carevue,outputevents,Free Form Intake,,,
9853,45501,G-J TUBE GRAVITY DR,,carevue,outputevents,,,,
9867,45517,Drain 1 flush L side,,carevue,outputevents,Free Form Intake,,,
9871,45523,Pericardial Tap,,carevue,outputevents,,,,
9926,45607,IR Output,,carevue,outputevents,,,,
9933,45617,blood from mouth,,carevue,outputevents,,,,
9285,46079,PEG (BAG),,carevue,outputevents,,,,
9288,46082,BM28 4Enf Powd 4 MCT,,carevue,outputevents,Free Form Intake,,,
9297,46091,.5BM/.5Neocate 24 PG,,carevue,outputevents,Free Form Intake,,,
9298,46092,.5BM/.5Neocate 24 PO,,carevue,outputevents,Free Form Intake,,,
9316,46118,NJ tube,,carevue,outputevents,Free Form Intake,,,
9323,46131,Neocate 24 via Jtube,,carevue,outputevents,Free Form Intake,,,
9324,46132,Neocate24 via J tube,,carevue,outputevents,Free Form Intake,,,
9325,46134,Drain segment IV,,carevue,outputevents,,,,
9326,46135,NG Drainage,,carevue,outputevents,,,,
9345,46164,GT output,,carevue,outputevents,,,,
9354,46177,URINE OUT-ANGIO,,carevue,outputevents,,,,
9357,46183,Left Arm drains.,,carevue,outputevents,,,,
9358,46186,Flexiseal stool,,carevue,outputevents,,,,
9375,46213,pleural drainage/OR,,carevue,outputevents,,,,
9380,46220,Abd output in OR,,carevue,outputevents,,,,
9383,46224,drainage fr CT site,,carevue,outputevents,Free Form Intake,,,
9388,46230,Dialysis 1.5% IN,,carevue,outputevents,Free Form Intake,,,
9390,46232,dialysis flush,,carevue,outputevents,Free Form Intake,,,
9392,46234,output adjustment,,carevue,outputevents,,,,
9395,46237,chest tube in or,,carevue,outputevents,,,,
9399,46241,pancreatic fistula,,carevue,outputevents,,,,
9400,46242,pin site drain,,carevue,outputevents,,,,
9411,46253,Left Hand Drain,,carevue,outputevents,,,,
9413,46255,groin pouch,,carevue,outputevents,,,,
9417,46259,Pigtail Drain Flush,,carevue,outputevents,Free Form Intake,,,
9426,46268,t.tube #1 left,,carevue,outputevents,,,,
9427,46269,Drain #1 WOUND,,carevue,outputevents,,,,
9428,46270,GTUBE POUCH,,carevue,outputevents,,,,
9439,46282,Drain Out #6 JP Medial,,carevue,outputevents,,,,
9441,46285,vac output,,carevue,outputevents,,,,
9442,46286,left hand pouch,,carevue,outputevents,,,,
9453,46304,Cecostomy,,carevue,outputevents,,,,
9455,46307,stool/fistula,,carevue,outputevents,,,,
9456,46309,Drain Out #7 Wound Vac,,carevue,outputevents,,,,
11714,46020,drainag/pigtail site,,carevue,outputevents,,,,
11719,46479,JP #2,,carevue,outputevents,,,,
11723,46489,JP Other,,carevue,outputevents,,,,
11740,46539,Drainage bag,,carevue,outputevents,,,,
11746,46555,gastric asp,,carevue,outputevents,,,,
11747,46556,groin drain,,carevue,outputevents,,,,
11752,46568,pigtail bile drain,,carevue,outputevents,,,,
11753,46571,pigtail drain replac,,carevue,outputevents,Free Form Intake,,,
11756,46580,rodney smith drain,,carevue,outputevents,,,,
11765,46605,NGT Aspirate,,carevue,outputevents,,,,
11771,46620,JP#2deep,,carevue,outputevents,,,,
11772,46622,ultrafiltrate out,,carevue,outputevents,,,,
11773,46710,endo drainage,,carevue,outputevents,,,,
11774,46712,CALCIUM-DIALYSIS,,carevue,outputevents,Free Form Intake,,,
11775,46715,Citrate - dialysis,,carevue,outputevents,Free Form Intake,,,
11776,46718,superior/ant chtube,,carevue,outputevents,,,,
11780,46727,urine from floor,,carevue,outputevents,,,,
11782,46732,LT NEPHROSTOMY TUBE.,,carevue,outputevents,,,,
11785,46740,gastric lavage,,carevue,outputevents,Free Form Intake,,,
11791,46757,Thoracentesis off,,carevue,outputevents,Free Form Intake,,,
11807,46804,Farr  5 urine,,carevue,outputevents,,,,
11810,43730,rlq drainage,,carevue,outputevents,,,,
11823,43820,NGT output,,carevue,outputevents,,,,
11830,43840,MUCOUS FISTULA,,carevue,outputevents,,,,
11833,43851,ETT out,,carevue,outputevents,,,,
11850,43896,vent drain,,carevue,outputevents,,,,
11854,43905,D5W via J-tube,,carevue,outputevents,Free Form Intake,,,
11857,43914,PEG tube,,carevue,outputevents,,,,
11864,43987,urine out or,,carevue,outputevents,,,,
11869,44002,NSS VIA PIGTAIL TUBE,,carevue,outputevents,Free Form Intake,,,
11878,44027,dialysis fluid off,,carevue,outputevents,,,,
11879,44029,PEG GOLYTELY,,carevue,outputevents,Free Form Intake,,,
11880,44032,paracentesis removal,,carevue,outputevents,,,,
11881,44034,Pseudocyst drain,,carevue,outputevents,,,,
11883,44039,P.D. Out,,carevue,outputevents,,,,
11886,44046,Angio Out,,carevue,outputevents,,,,
11888,44051,floor urine,,carevue,outputevents,,,,
11893,44062,Drain Out #3 Davol,,carevue,outputevents,,,,
11894,44065,jp left abdomen,,carevue,outputevents,,,,
11895,44067,jp right abdomen,,carevue,outputevents,,,,
11896,44068,jp right breast,,carevue,outputevents,,,,
11902,44085,DIALYSIS OFF,,carevue,outputevents,,,,
11905,44093,t tube site,,carevue,outputevents,,,,
11907,44097,HD fluid removed,,carevue,outputevents,,,,
11923,44193,Dialysis.,,carevue,outputevents,,,,
11925,44198,Promote 2/3 strength,,carevue,outputevents,Free Form Intake,,,
11926,44201,lumbar drain,,carevue,outputevents,,,,
11929,44209,JTUBE SITE DRAINAGE,,carevue,outputevents,,,,
11930,44211,Abd drain output,,carevue,outputevents,,,,
11932,44216,Hemodialysis out,,carevue,outputevents,,,,
11936,44229,R ARM DRAINAGE BAG,,carevue,outputevents,,,,
11937,44231,Angio output,,carevue,outputevents,,,,
11938,44232,wound vac output.,,carevue,outputevents,,,,
11945,44253,Urine out angio,,carevue,outputevents,,,,
11950,44268,CT SITE DRAIN,,carevue,outputevents,,,,
11953,44278,ER urine,,carevue,outputevents,,,,
11956,44286,Dialysis indwelling,,carevue,outputevents,Free Form Intake,,,
11969,46119,diayalsis out.,,carevue,outputevents,,,,
11970,46121,JP #3+#4,,carevue,outputevents,,,,
11973,46128,J-Tube Drainage,,carevue,outputevents,,,,
11974,46130,J Tube feeding,,carevue,outputevents,Free Form Intake,,,
11978,46143,thoracentesis tap,,carevue,outputevents,,,,
11990,46178,PD fluid out,,carevue,outputevents,,,,
11991,46180,urine out-angio,,carevue,outputevents,,,,
11992,46182,Thoracen. Drain #2,,carevue,outputevents,,,,
11993,46184,JP Site.,,carevue,outputevents,,,,
11994,46185,PEG to gravity,,carevue,outputevents,,,,
11999,46198,paracentesis.,,carevue,outputevents,,,,
12003,46208,drainage left arm,,carevue,outputevents,,,,
12008,46225,drainge fr CT site,,carevue,outputevents,,,,
12012,46290,BM33 with BP,,carevue,outputevents,Free Form Intake,,,
12014,46295,PLEURAL FLUID (OR),,carevue,outputevents,,,,
12029,46335,repogle drainage out,,carevue,outputevents,,,,
12033,46347,BM26 with enfamil p.,,carevue,outputevents,Free Form Intake,,,
12042,46371,Cerebral Drain #2,,carevue,outputevents,,,,
12043,46373,JP #2 Medial,,carevue,outputevents,,,,
12054,46401,PEG gracity,,carevue,outputevents,,,,
12055,46403,BM NG,,carevue,outputevents,Free Form Intake,,,
12059,46414,Lt groin drainage bg,,carevue,outputevents,,,,
9972,45664,chest tube # 3,,carevue,outputevents,,,,
9973,45665,thoarcentesis,,carevue,outputevents,,,,
9974,45666,BM24 w/nsp,,carevue,outputevents,Free Form Intake,,,
10007,45702,R. pleural tap,,carevue,outputevents,,,,
10008,45704,Repogle Output,,carevue,outputevents,,,,
10030,45740,Farr 10 JP Drainage,,carevue,outputevents,,,,
10031,45742,Abd wound drains,,carevue,outputevents,,,,
10036,45750,out pt intake +prbc,,carevue,outputevents,Free Form Intake,,,
10043,45760,BM24 w/neosure NG,,carevue,outputevents,Free Form Intake,,,
10055,45778,JP flush,,carevue,outputevents,Free Form Intake,,,
10060,45786,outpt uo,,carevue,outputevents,,,,
10062,45791,left pleuracentesis,,carevue,outputevents,,,,
10070,45804,URINE OUTPUT-E.D.,,carevue,outputevents,,,,
10075,45812,hemoptysis,,carevue,outputevents,,,,
10081,45822,Vent drain,,carevue,outputevents,,,,
10085,45828,Hemo dialysis out,,carevue,outputevents,,,,
10094,45840,Peritoneal drain,,carevue,outputevents,,,,
10095,45841,bladder irrig/urine,,carevue,outputevents,,,,
10098,45844,vaginal fistula,,carevue,outputevents,,,,
10104,45850,BM + thick-it,,carevue,outputevents,Free Form Intake,,,
10105,45851,PLEURAL DRAIN,,carevue,outputevents,,,,
10106,45852,Paracentesis Site,,carevue,outputevents,,,,
10111,45857,BM20 G-tube,,carevue,outputevents,Free Form Intake,,,
10112,45858,G-tube flush,,carevue,outputevents,Free Form Intake,,,
10115,45861,Thoracentesis Left,,carevue,outputevents,,,,
10118,45864,"BM24 w/neosure, GT",,carevue,outputevents,Free Form Intake,,,
10123,45869,labial drng,,carevue,outputevents,,,,
10133,45879,BM28 w/HMF/MCT/BP po,,carevue,outputevents,Free Form Intake,,,
10137,45883,chest tube #3,,carevue,outputevents,,,,
10142,45888,Baricat taken out,,carevue,outputevents,,,,
10150,45899,BM (thick & easy) PO,,carevue,outputevents,Free Form Intake,,,
10158,45910,BM20NG+thick&easy,,carevue,outputevents,Free Form Intake,,,
10163,45918,NS cc:cc OGT output,,carevue,outputevents,Free Form Intake,,,
10164,45920,BM26 (4HMF + 2MCT),,carevue,outputevents,Free Form Intake,,,
10169,45927,True Urine,,carevue,outputevents,,,,
10196,45968,farr 9 output,,carevue,outputevents,,,,
10197,45971,Skin drainage bags,,carevue,outputevents,,,,
10210,45992,OR Stool/NGT,,carevue,outputevents,,,,
10228,46021,drainged from old HD,,carevue,outputevents,,,,
10247,46044,JP FLUSH,,carevue,outputevents,,,,
10259,46449,GU output total,,carevue,outputevents,,,,
10264,46454,NS->JP::  CC:CC,,carevue,outputevents,Free Form Intake,,,
10266,46456,Cath lab output,,carevue,outputevents,,,,
10274,46464,Hemodialysis OUT,,carevue,outputevents,,,,
10276,46466,vac drainage.,,carevue,outputevents,,,,
10279,46469,cc/cc replacement JP,,carevue,outputevents,Free Form Intake,,,
10281,46471,NGT out,,carevue,outputevents,,,,
10283,46473,HD Ultrafiltrate,,carevue,outputevents,,,,
10288,46478,JP #1,,carevue,outputevents,,,,
10303,46503,BM via g-tube,,carevue,outputevents,Free Form Intake,,,
10304,46504,g-tube H2O flush,,carevue,outputevents,Free Form Intake,,,
10305,46506,penrose drain outpt,,carevue,outputevents,,,,
10308,46510,"BM26 w/enfacare, GT",,carevue,outputevents,Free Form Intake,,,
11146,42539,L chest tube site,,carevue,outputevents,,,,
11161,42582,Drain Out #5 T Tube,,carevue,outputevents,,,,
11165,42592,VICU URINE OUT,,carevue,outputevents,,,,
11167,42651,Drain Out #4 Sump,,carevue,outputevents,,,,
11170,42659,farr 2 output,,carevue,outputevents,,,,
11173,42666,E.R. URINE OUT,,carevue,outputevents,,,,
11178,42677,Drain Out #7 Jejunostomy Tube,,carevue,outputevents,,,,
11186,42700,R NEPHROSTOMY TUBE,,carevue,outputevents,,,,
11202,42746,output in er,,carevue,outputevents,,,,
11208,42765,FARR 6 URINE OUT,,carevue,outputevents,,,,
11210,42773,Floor Output,,carevue,outputevents,,,,
11214,42838,VAC DRAIN,,carevue,outputevents,,,,
11216,42840,FARR 5 OUT,,carevue,outputevents,,,,
11220,42850,LEFT SUBDURAL DRAIN,,carevue,outputevents,,,,
11226,42868,hemodialysis off,,carevue,outputevents,,,,
11227,42870,JP RIGHT LEG #1,,carevue,outputevents,,,,
11229,42874,JP RIGHT,,carevue,outputevents,,,,
11236,42892,EW URINE OUT,,carevue,outputevents,,,,
11241,42903,jp drains to wall sx,,carevue,outputevents,,,,
11250,42936,CT R. pleural #3,,carevue,outputevents,,,,
11253,42943,I.R. output,,carevue,outputevents,Free Form Intake,,,
11256,42950,t-tube left,,carevue,outputevents,,,,
11257,42952,ER out,,carevue,outputevents,,,,
11273,43053,URINE OUT,,carevue,outputevents,,,,
11275,43057,FARR 6 URINE,,carevue,outputevents,,,,
11278,43064,PACU ngt out,,carevue,outputevents,,,,
11294,43115,dialysis net,,carevue,outputevents,,,,
11308,44371,ER OUT,,carevue,outputevents,,,,
11316,44392,impact 1/2 strength,,carevue,outputevents,Free Form Intake,,,
11319,44401,Drain Out #8 Tap,,carevue,outputevents,,,,
10686,41748,output from midnight,,carevue,outputevents,,,,
10687,41750,dialysis  out,,carevue,outputevents,,,,
10696,41778,IR output,,carevue,outputevents,,,,
10704,41801,biliary drain medial,,carevue,outputevents,,,,
10705,41803,troracentesis output,,carevue,outputevents,,,,
10707,41809,HD OUT,,carevue,outputevents,,,,
10710,41816,right drain,,carevue,outputevents,,,,
10711,41817,Belly TAP,,carevue,outputevents,,,,
10715,41829,HEMODIALYSIS OUTPUT,,carevue,outputevents,,,,
10718,41838,Chest Tube In,,carevue,outputevents,Free Form Intake,,,
10721,42092,LT GROIN OSTOMY BAG,,carevue,outputevents,,,,
10722,42094,R PLEURAL TAP,,carevue,outputevents,,,,
10726,42103,OSTOMY APPL ON ABD,,carevue,outputevents,,,,
10736,42130,ANGIO URINE O/P,,carevue,outputevents,,,,
10748,42167,PLEURAL TAP,,carevue,outputevents,,,,
10752,42178,LP drainage,,carevue,outputevents,,,,
10756,42189,ABDOMINAL DRAINAGE,,carevue,outputevents,,,,
10758,42196,PEG GRAVITY DRG,,carevue,outputevents,,,,
10763,42210,left chest drain,,carevue,outputevents,,,,
10764,42212,r femoral drng,,carevue,outputevents,,,,
10767,41898,Drain Out #3 T Tube,,carevue,outputevents,,,,
10775,41920,ANGIO OUTPUT,,carevue,outputevents,,,,
10776,41922,angio urine,,carevue,outputevents,,,,
10780,41933,PERICARDIAL DRAIN,,carevue,outputevents,,,,
10785,41946,CARDIAC OUTPUT,,carevue,outputevents,Free Form Intake,,,
10802,41989,VENTRICULAR DRAIN,,carevue,outputevents,,,,
10822,40892,Pleuracentesis,,carevue,outputevents,,,,
10826,40904,GU  total output,,carevue,outputevents,,,,
10828,40909,cardiac output,,carevue,outputevents,,,,
10829,40911,GASTRIC OUT,,carevue,outputevents,,,,
10847,40972,CathLab Output,,carevue,outputevents,,,,
10848,40973,cath lab output,,carevue,outputevents,,,,
10849,40975,drain flush,,carevue,outputevents,Free Form Intake,,,
10860,41069,PD Dialysate Output,,carevue,outputevents,,,,
10867,41088,Rt.pluerex chst tube,,carevue,outputevents,,,,
10872,41102,BILIARY DRAIN,,carevue,outputevents,,,,
10876,41113,Drain Out #1 Davol,,carevue,outputevents,,,,
10890,41212,wound drainage,,carevue,outputevents,,,,
10891,41214,Drain Out #6 Jackson Pratt,,carevue,outputevents,,,,
10906,41258,Gastric Ewald,,carevue,outputevents,,,,
10916,41290,Paracentesis out,,carevue,outputevents,,,,
10942,41433,rectal tube,,carevue,outputevents,,,,
10945,41440,cardiac output ml,,carevue,outputevents,Free Form Intake,,,
10961,40285,vac drainage,,carevue,outputevents,,,,
10962,40286,Ultrafiltrate Ultrafiltrate,,carevue,outputevents,,,,
10963,40289,Stool Out Ostomy,,carevue,outputevents,,,,
10964,40291,Drain Out #5 Jejunostomy Tube,,carevue,outputevents,,,,
10965,40294,Drain Out #1 Other,,carevue,outputevents,,,,
10975,40330,Drain Out #2 Tap,,carevue,outputevents,,,,
10987,40426,dialysis out,,carevue,outputevents,,,,
10988,40427,EMESIS,,carevue,outputevents,,,,
11003,40473,Urine Out IleoConduit,,carevue,outputevents,,,,
11008,40488,J-tube.,,carevue,outputevents,,,,
11010,40491,PACU Out EBL,,carevue,outputevents,,,,
11022,40584,PD out,,carevue,outputevents,,,,
11032,40613,DIALYSIS OUT,,carevue,outputevents,,,,
11052,43243,repogle output,,carevue,outputevents,,,,
11053,43245,Spits,,carevue,outputevents,,,,
11054,43246,Repogle Tube NG,,carevue,outputevents,,,,
11082,43323,spits,,carevue,outputevents,,,,
11087,43333,urine cc's/k/hr,,carevue,outputevents,,,,
11091,43345,BMFSNG + 4HMF,,carevue,outputevents,Free Form Intake,,,
11092,43347,urine cc/kg,,carevue,outputevents,,,,
11095,43408,Rectal tube,,carevue,outputevents,,,,
11098,43416,Vomitus .,,carevue,outputevents,,,,
11105,43433,Ostomies Ileostomy,,carevue,outputevents,,,,
11108,43441,G-tube placement,,carevue,outputevents,,,,
11109,43443,G-TUBE TO GRAVITY,,carevue,outputevents,,,,
11110,43445,stool cc/kg/hr,,carevue,outputevents,,,,
11117,43464,BMFSPO+ 4 HMF,,carevue,outputevents,Free Form Intake,,,
11124,42482,L PLEURALCENTESIS,,carevue,outputevents,,,,
11130,42499,PACU EMESIS,,carevue,outputevents,,,,
11134,42508,JP LATERAL,,carevue,outputevents,,,,
11135,42509,JP MEDIAL,,carevue,outputevents,,,,
14560,226607,Cerebral Ventricular #2,Cerebral Ventricular #2,metavision,outputevents,Drains,mL,Numeric,
14561,226608,Cerebral Subdural #1,Cerebral Subdural #1,metavision,outputevents,Drains,mL,Numeric,
14562,226609,Cerebral Subdural #2,Cerebral Subdural #2,metavision,outputevents,Drains,mL,Numeric,
14563,226610,Lumbar,Lumbar,metavision,outputevents,Drains,mL,Numeric,
14564,226612,Pericardial,Pericardial,metavision,outputevents,Drains,mL,Numeric,
14565,226613,Wound Vac #1,Wound Vac #1,metavision,outputevents,Drains,mL,Numeric,
14566,226614,Wound Vac #2,Wound Vac #2,metavision,outputevents,Drains,mL,Numeric,
14567,226616,Anderson,Anderson,metavision,outputevents,Drains,mL,Numeric,
14568,226617,Sump #1,Sump #1,metavision,outputevents,Drains,mL,Numeric,
14569,226618,Sump #2,Sump #2,metavision,outputevents,Drains,mL,Numeric,
14570,226619,Pigtail #1,Pigtail #1,metavision,outputevents,Drains,mL,Numeric,
14571,226620,Pigtail #2,Pigtail #2,metavision,outputevents,Drains,mL,Numeric,
14572,226621,Davol,Davol,metavision,outputevents,Drains,mL,Numeric,
14573,226622,Red Rubber,Red Rubber,metavision,outputevents,Drains,mL,Numeric,
12067,45142,today at falmouth,,carevue,outputevents,,,,
12068,45144,pd fluid out,,carevue,outputevents,,,,
11329,44428,Acities removed,,carevue,outputevents,,,,
11339,44455,Drain Out #4 JP Lateral,,carevue,outputevents,,,,
11352,44545,Peritoneal Dial Out,,carevue,outputevents,,,,
11354,44550,L LOWER LEG DRAIN,,carevue,outputevents,,,,
11358,44556,vaginal discharge,,carevue,outputevents,,,,
11369,44587,pleural tap output,,carevue,outputevents,,,,
11370,44589,DRAIN SITE,,carevue,outputevents,,,,
11373,44595,JP L AX,,carevue,outputevents,,,,
11374,44596,JP L FEM,,carevue,outputevents,,,,
11375,44598,JP R FEM,,carevue,outputevents,,,,
11378,44604,GI UNIT OUTPUT,,carevue,outputevents,,,,
11392,44639,horacentesis,,carevue,outputevents,,,,
11396,44650,JP,,carevue,outputevents,,,,
11401,44663,PLEURACENTESIS,,carevue,outputevents,,,,
11405,44672,Drain #2 Bili,,carevue,outputevents,,,,
11409,44684,floor urine out,,carevue,outputevents,,,,
11411,44689,Pleural fludid,,carevue,outputevents,,,,
11414,44940,fem. & abd. drainage,,carevue,outputevents,,,,
11419,44955,LEFT JP,,carevue,outputevents,,,,
11421,44959,G-tube residuals,,carevue,outputevents,,,,
11422,44961,bm22 pg,,carevue,outputevents,Free Form Intake,,,
11424,44967,or ascites out,,carevue,outputevents,,,,
11434,44996,PD Volume Out.,,carevue,outputevents,,,,
11439,45007,G TUBE REFEED,,carevue,outputevents,Free Form Intake,,,
11444,45022,Drain Out #5 JP Medial,,carevue,outputevents,,,,
11446,45028,NGT NS IRRIGANT,,carevue,outputevents,Free Form Intake,,,
11456,45056,Br Milk 24 NG,,carevue,outputevents,Free Form Intake,,,
11466,44744,parencentesis,,carevue,outputevents,,,,
11475,44768,JP 2,,carevue,outputevents,,,,
11490,44806,J Tube to Gravity,,carevue,outputevents,,,,
11500,44834,er urine out,,carevue,outputevents,,,,
11502,44839,pharesis out,,carevue,outputevents,,,,
11503,44841,sump drain,,carevue,outputevents,,,,
11505,44845,Dialysis fluids,,carevue,outputevents,Free Form Intake,,,
11508,44853,wound drain,,carevue,outputevents,,,,
11510,44857,dialysis- fluid off,,carevue,outputevents,,,,
11513,44866,2ND PARACENTESIS SIT,,carevue,outputevents,,,,
11529,43638,urine output cc/k/hr,,carevue,outputevents,,,,
11536,43654,urine o/p cc/kg/hr,,carevue,outputevents,,,,
11541,43666,Air evacuation NGT,,carevue,outputevents,,,,
11542,43668,L. PLEURAL CT,,carevue,outputevents,,,,
11551,43694,Drain Out #4 JP Medial,,carevue,outputevents,,,,
11554,43702,left pleural tap,,carevue,outputevents,,,,
11556,43706,j-tube flush,,carevue,outputevents,Free Form Intake,,,
11568,43498,BMFSPO + 2 HMF,,carevue,outputevents,Free Form Intake,,,
11575,43519,urine amnt,,carevue,outputevents,,,,
11579,43529,BM 20 FS NG,,carevue,outputevents,Free Form Intake,,,
11582,43537,urine o/p,,carevue,outputevents,,,,
11595,42278,Drain Out #3 Pigtail,,carevue,outputevents,,,,
11596,42280,Drain Out #6 Pigtail,,carevue,outputevents,,,,
11608,42314,REFED JEJUNOSTOMY,,carevue,outputevents,Free Form Intake,,,
11614,42330,Drain Out #3 Hemovac,,carevue,outputevents,,,,
11617,42339,CT OUTPUT OR,,carevue,outputevents,,,,
11620,42346,D5W VIA PEG,,carevue,outputevents,Free Form Intake,,,
11627,42366,angio urine output,,carevue,outputevents,,,,
11634,42386,PEG DRAINAGE,,carevue,outputevents,Free Form Intake,,,
11637,42392,Sump drains 1&2,,carevue,outputevents,,,,
11638,42394,CC6OUTPUT,,carevue,outputevents,,,,
11643,42461,drain flush r,,carevue,outputevents,Free Form Intake,,,
11644,42464,hemodialysis ultrafe,,carevue,outputevents,,,,
11645,42466,Drain Out #7 Other,,carevue,outputevents,,,,
11647,42472,THORACENTESIS RIGHT,,carevue,outputevents,,,,
11649,42475,duodenal drain,,carevue,outputevents,,,,
11651,42479,intrathecal drain,,carevue,outputevents,,,,
11659,45813,Chest Tube #3,,carevue,outputevents,,,,
11663,45824,BM+neocate4+MCT4,,carevue,outputevents,Free Form Intake,,,
11666,45832,1/2strength impact,,carevue,outputevents,Free Form Intake,,,
11670,45898,BM (thick & easy) PG,,carevue,outputevents,Free Form Intake,,,
11674,45911,BM20PO+thick&easy,,carevue,outputevents,Free Form Intake,,,
11675,45914,Gallbladder drain,,carevue,outputevents,,,,
11703,45991,ew-urine output,,carevue,outputevents,,,,
11704,45993,Thoracentesis Fluid,,carevue,outputevents,,,,
14841,227487,GU Irrigant Type,GU Irrigant Type,metavision,outputevents,Output,,Text,
14842,227488,GU Irrigant Volume In,GU Irrigant Volume In,metavision,outputevents,Output,mL,Numeric,
14843,227489,GU Irrigant/Urine Volume Out,GU Irrigant/Urine Volume Out,metavision,outputevents,Output,mL,Numeric,
14844,227510,TF Residual,TF Residual,metavision,outputevents,Output,mL,Numeric,
14845,227511,TF Residual Output,TF Residual Output,metavision,outputevents,Output,mL,Numeric,
12192,45590,Drain #3 and wound,,carevue,outputevents,,,,
12212,45703,RLQ pouch,,carevue,outputevents,,,,
12217,45715,paracentesis: 2020ml,,carevue,outputevents,,,,
12222,45729,r thoracentesis,,carevue,outputevents,,,,
12226,45739,R plueral tap,,carevue,outputevents,,,,
12235,45763,BM24 w/neosure PO,,carevue,outputevents,Free Form Intake,,,
12243,45788,jp #1,,carevue,outputevents,,,,
12244,45789,jp #2,,carevue,outputevents,,,,
12245,45790,R. Pleural tap,,carevue,outputevents,,,,
12246,45792,paracentesis bag,,carevue,outputevents,,,,
15035,227701,Drainage Bag,Drainage Bag,metavision,outputevents,Drains,mL,Numeric,
12169,45524,thorocentesis output,,carevue,outputevents,,,,
14412,226557,R Ureteral Stent,R Ureteral Stent,metavision,outputevents,Output,mL,Numeric,
14413,226558,L Ureteral Stent,L Ureteral Stent,metavision,outputevents,Output,mL,Numeric,
14414,226559,Foley,Foley,metavision,outputevents,Output,mL,Numeric,
14415,226560,Void,Void,metavision,outputevents,Output,mL,Numeric,
14416,226561,Condom Cath,Condom Cath,metavision,outputevents,Output,mL,Numeric,
14417,226563,Suprapubic,Suprapubic,metavision,outputevents,Output,mL,Numeric,
14418,226564,R Nephrostomy,R Nephrostomy,metavision,outputevents,Output,mL,Numeric,
14419,226565,L Nephrostomy,L Nephrostomy,metavision,outputevents,Output,mL,Numeric,
14420,226566,Urine and GU Irrigant Out,Urine and GU Irrigant Out,metavision,outputevents,Output,mL,Numeric,
14421,226567,Straight Cath,Straight Cath,metavision,outputevents,Output,mL,Numeric,
14422,226569,Anderson (gastric),Anderson (gastric),metavision,outputevents,Output,mL,Numeric,
14423,226570,Blakemore,Blakemore,metavision,outputevents,Output,mL,Numeric,
14424,226571,Emesis,Emesis,metavision,outputevents,Output,mL,Numeric,
14425,226572,Ewald,Ewald,metavision,outputevents,Output,mL,Numeric,
14426,226573,Gastric Tube,Gastric Tube,metavision,outputevents,Output,mL,Numeric,
14427,226574,Jejunostomy,Jejunostomy,metavision,outputevents,Output,mL,Numeric,
14428,226575,Nasogastric,Nasogastric,metavision,outputevents,Output,mL,Numeric,
14429,226576,Oral Gastric,Oral Gastric,metavision,outputevents,Output,mL,Numeric,
14430,226579,Stool,Stool,metavision,outputevents,Output,mL,Numeric,
14431,226580,Fecal Bag,Fecal Bag,metavision,outputevents,Output,mL,Numeric,
14432,226582,Ostomy (output),Ostomy (output),metavision,outputevents,Output,mL,Numeric,
14433,226583,Rectal Tube,Rectal Tube,metavision,outputevents,Output,mL,Numeric,
14434,226584,Ileoconduit,Ileoconduit,metavision,outputevents,Output,mL,Numeric,
14542,226586,Stool Estimate,Stool Estimate,metavision,outputevents,Output,,Text,
14543,226588,Chest Tube #1,Chest Tube #1,metavision,outputevents,Output,mL,Numeric,
14544,226589,Chest Tube #2,Chest Tube #2,metavision,outputevents,Output,mL,Numeric,
14545,226590,L Pleural #1,L Pleural #1,metavision,outputevents,Output,mL,Numeric,
14546,226591,L Pleural #2,L Pleural #2,metavision,outputevents,Output,mL,Numeric,
14547,226592,Mediastinal,Mediastinal,metavision,outputevents,Output,mL,Numeric,
14548,226593,R Pleural #1,R Pleural #1,metavision,outputevents,Output,mL,Numeric,
14549,226595,R Pleural #2,R Pleural #2,metavision,outputevents,Output,mL,Numeric,
14550,226597,JP Medial,JP Medial,metavision,outputevents,Drains,mL,Numeric,
14551,226598,JP Lateral,JP Lateral,metavision,outputevents,Drains,mL,Numeric,
14552,226599,Jackson Pratt #1,Jackson Pratt #1,metavision,outputevents,Drains,mL,Numeric,
14553,226600,Jackson Pratt #2,Jackson Pratt #2,metavision,outputevents,Drains,mL,Numeric,
14554,226601,Jackson Pratt #3,Jackson Pratt #3,metavision,outputevents,Drains,mL,Numeric,
14555,226602,Jackson Pratt #4,Jackson Pratt #4,metavision,outputevents,Drains,mL,Numeric,
14556,226603,T Tube,T Tube,metavision,outputevents,Drains,mL,Numeric,
14557,226604,Hemovac #1,Hemovac #1,metavision,outputevents,Drains,mL,Numeric,
14558,226605,Hemovac #2,Hemovac #2,metavision,outputevents,Drains,mL,Numeric,
14559,226606,Cerebral Ventricular #1,Cerebral Ventricular #1,metavision,outputevents,Drains,mL,Numeric,
15298,228103,Stool containment device placed,Stool containment device placed,metavision,outputevents,Output,,Date time,
12085,45192,pericard drain asp,,carevue,outputevents,,,,
12086,45194,GTUBE,,carevue,outputevents,,,,
12092,45210,pleural effussion,,carevue,outputevents,,,,
12096,45221,paracentesis/OR,,carevue,outputevents,,,,
12099,45227,l chest tube #3,,carevue,outputevents,,,,
12110,45259,ED output,,carevue,outputevents,,,,
12111,45260,HIP WOUND OUT,,carevue,outputevents,,,,
12113,45266,OR washout,,carevue,outputevents,,,,
12116,45327,Ventricular Drain,,carevue,outputevents,,,,
12120,45337,ileostomy output,,carevue,outputevents,,,,
12130,45368,JP site drainage,,carevue,outputevents,Free Form Intake,,,
12143,45405,chest tube irrigant,,carevue,outputevents,Free Form Intake,,,
12145,45411,PACU Out,,carevue,outputevents,,,,
12146,45413,Angiography Output,,carevue,outputevents,,,,
12147,45415,ED Urine OUT,,carevue,outputevents,,,,
12149,45418,gt output,,carevue,outputevents,,,,
12150,45420,ORAL DRAINAGE,,carevue,outputevents,,,,
12151,45421,old JP sites,,carevue,outputevents,,,,
12165,45512,Gastric lavage,,carevue,outputevents,Free Form Intake,,,
12167,45518,Drain 3 flush R side,,carevue,outputevents,Free Form Intake,,,
12172,45533,BM26(6cal Neosure),,carevue,outputevents,Free Form Intake,,,
12173,45536,BM26(4 neosure 2 MCT,,carevue,outputevents,Free Form Intake,,,
14481,226623,Penrose #1,Penrose #1,metavision,outputevents,Drains,mL,Numeric,
14482,226624,Penrose #2,Penrose #2,metavision,outputevents,Drains,mL,Numeric,
14483,226625,Tap,Tap,metavision,outputevents,Drains,mL,Numeric,
14484,226626,OR EBL,OR EBL,metavision,outputevents,Output,mL,Numeric,
14485,226627,OR Urine,OR Urine,metavision,outputevents,Output,mL,Numeric,
14486,226628,PACU Drains,PACU Drains,metavision,outputevents,Output,mL,Numeric,
14487,226629,PACU EBL,PACU EBL,metavision,outputevents,Output,mL,Numeric,
14488,226630,PACU Gastric,PACU Gastric,metavision,outputevents,Output,mL,Numeric,
14489,226631,PACU Urine,PACU Urine,metavision,outputevents,Output,mL,Numeric,
14490,226632,Cath Lab,Cath Lab,metavision,outputevents,Output,mL,Numeric,
14491,226633,Pre-Admission,Pre-Admission,metavision,outputevents,Output,mL,Numeric,
14493,226713,Incontinent (estimate),Incontinent (estimate),metavision,outputevents,Output,,Text,
